nome,nota1,nota2,nota3,media
Ana,7.5,8.0,9.0,8.166666666666666
Beto,5.0,6.0,4.5,5.166666666666667
Carla,9.0,9.5,10.0,9.5
Diego,6.0,7.0,5.5,6.166666666666667
